,Restaurant Name,Price Level,Rating,Address,City Code
0,Buffalo Wild Wings,2,3.6,"1700 Towne Center Lane, Albuquerque",ABQ
1,Subway,1,4,"1306 Gibson Boulevard Southeast, Albuquerque",ABQ
2,Dion's,1,4.5,"1600 Towne Center Lane, Albuquerque",ABQ
3,Applebee's Grill + Bar,2,4,"2000 Yale Boulevard Southeast, Albuquerque",ABQ
4,Subway,1,3.9,"4503 Biggs Avenue Southeast Building 944, Kirtland Air Force Base",ABQ
5,Schlotzsky's,1,3.4,"2200 Sunport Boulevard, Albuquerque",ABQ
6,Fuddruckers,2,4.2,"2120 Yale Boulevard Southeast, Albuquerque",ABQ
7,Little Caesars Pizza,1,4,"2039 Yale Boulevard Southeast, Albuquerque",ABQ
8,Chili's Grill & Bar,2,3.9,"1700 Miles Road Southeast, Albuquerque",ABQ
9,Blake's Lotaburger,1,3.5,"1640 Gibson Boulevard Southeast, Albuquerque",ABQ
10,Malone's Steak & Seafood,2,4,"1258 Virginia Avenue, Atlanta",ATL
11,Spondivits,2,3.9,"1219 Virginia Avenue, East Point",ATL
12,Champions,2,4,"2020 Convention Center Concourse, Atlanta",ATL
13,Chick-fil-A,1,4.4,"461 North Central Avenue, Hapeville",ATL
14,Ruby Tuesday,2,3.4,"1230 Virginia Avenue, East Point",ATL
15,Ruby Tuesday,2,3.7,"1925 Sullivan Road, College Park",ATL
16,Arby's,1,3.3,"6000 North Terminal Parkway, Atlanta",ATL
17,Thumbs Up Diner,1,4.5,"1617 White Way, Atlanta",ATL
18,Cracker Barrel Old Country Store,2,3.9,"1520 West Nursery Road, Linthicum Heights",BWI
19,Subway,1,4.1,"7502 Connelley Drive Suite 115, Hanover",BWI
20,Cantina Mamma Lucia,2,4.3,"1350 Dorsey Road unit m, Hanover",BWI
21,Ruby Tuesday,2,3.5,"950 International Drive, Linthicum Heights",BWI
22,Domino's Pizza,1,2.9,"7502 Connelley Drive Ste 112, Hanover",BWI
23,Starbucks,2,4.1,"1700 West Nursery Road, Linthicum Heights",BWI
24,The Elkridge Furnace Inn,3,4.6,"5745 Furnace Avenue, Elkridge",BWI
25,The Grill At Quarterfield Station,2,4.5,"7704 Quarterfield Road D, Glen Burnie",BWI
26,Los Portales,2,4.3,"6938 Aviation Boulevard, Glen Burnie",BWI
27,Subway,1,4.4,"6938-A Aviation Boulevard, Glen Burnie",BWI
28,Legal Sea Foods,3,4.2,"Boston Logan International Airport, Terminal A, 1 Harborside Drive, Boston",BOS
29,Rino's Place,2,4.6,"258 Saratoga Street, Boston",BOS
30,Santarpio's Pizza,1,4.5,"111 Chelsea Street, Boston",BOS
31,Seabiscuit,1,4.5,"256 Marginal Street Building 16, Boston",BOS
32,Angela's Cafe Eagle Hill,1,4.7,"131 Lexington Street, Boston",BOS
33,Subway,1,4.1,"13 William Kelly Square, East Boston",BOS
34,Rincon Limeño,2,4.5,"Day Square, 409 Chelsea Street, East Boston",BOS
35,Subway,1,3,"3240 Wilkinson Boulevard, Charlotte",CLT
36,Jocks & Jills,2,4.1,"4109 South Stream Boulevard, Charlotte",CLT
37,Cracker Barrel Old Country Store,2,4.2,"3203 Queen City Drive, Charlotte",CLT
38,Waffle House,1,3.9,"3309 Queen City Drive, Charlotte",CLT
39,Little Caesars Pizza,1,3.7,"3220 Wilkinson Boulevard Suite A-1, Charlotte",CLT
40,Subway,1,4.2,"2904 Yorkmont Road # A, Charlotte",CLT
41,Subway,1,3.8,"2504 Little Rock Road, Charlotte",CLT
42,McDonald's,1,3.4,"2820 Boyer Street, Charlotte",CLT
43,Bar-B-Q King,1,4.4,"2900 Wilkinson Boulevard, Charlotte",CLT
44,Showmars,1,3.9,"2540 Little Rock Road, Charlotte",CLT
45,McDonald's,1,3.4,"535 Airport Creek Point, Colorado Springs",COS
46,The Airplane Restaurant,2,4.1,"1665 Newport Road, Colorado Springs",COS
47,Mandarin Chef Express,2,3.8,"2525 Chelton Road, Colorado Springs",COS
48,Domino's Pizza,1,4,"3025 Jet Wing Drive, Colorado Springs",COS
49,Subway,1,3.8,"1455 South Murray Boulevard, Colorado Springs",COS
50,Pizza Hut Express,1,4,"Colorado Springs Airport, 7770 Milton E Proby Parkway, Colorado Springs",COS
51,Subway,1,2.3,"1030 Stewart Avenue bldg 2017, Peterson Space Force Base",COS
52,Taco Bell,1,2.8,"1030 Stewart Avenue, Colorado Springs",COS
53,Sura Korean Restaurant,2,4.6,"1683 Jet Wing Drive, Colorado Springs",COS
54,Circle K,1,3.3,"1740 Jet Wing Drive, Colorado Springs",COS
55,Neighborhood Services,3,4.5,"5027 West Lovers Lane, Dallas",DFW
56,Subway,1,3.7,"8445 Freeport Parkway, Irving",DFW
57,Sweetwater Mountain Taphouse,2,4,"8500 Peña Boulevard, Denver",DEN
58,Denver ChopHouse,2,3.2,"8500 Peña Boulevard, Denver",DEN
59,CRÚ Food & Wine Bar,2,4.1,"8500 Peña Boulevard, Denver",DEN
60,Panda Express,1,2,"8500 Pena Boulevard, Denver",DEN
61,Caribou Coffee,2,2.9,"8500 Peña Boulevard, Denver",DEN
62,Chick-fil-A,1,4.2,"8500 Peña Boulevard, Denver",DEN
63,McDonald's,1,2.8,"8400 Peña Boulevard, Denver",DEN
64,Subway,1,2.2,"8400 Pena Blvd Jeppsen, Terminal West Side 5, Denver",DEN
65,National Coney Island,1,3.7,"North Terminal, across from Gates D15/D16, West G Rogell Drive, Detroit",DTT
66,The Landing Strip Lounge,2,3.3,"36431 Goddard Road, Romulus",DTT
67,Subway,1,3.3,"30795 Eureka Road, Romulus",DTT
68,Subway,1,4.2,"Cielo Vista Mall, Unit M06, El Paso",ELP
69,Los Bandidos De Carlos & Mickey's,2,4.4,"1310 Magruder Street, El Paso",ELP
70,Chinese Gourmet Express,1,3.5,"8401 Gateway Boulevard West W - L4, El Paso",ELP
71,Chinese Gourmet Express,1,3.1,"6101 Gateway Boulevard West, El Paso",ELP
72,Subway,1,3.9,"8660 Montana Avenue Suite K, El Paso",ELP
73,Hooters,2,4,"1170 Sunmount Drive, El Paso",ELP
74,Little Caesars Pizza,1,3.8,"8900 Viscount Boulevard, El Paso",ELP
75,Olive Garden Italian Restaurant,2,4.3,"8401 Gateway Boulevard West, El Paso",ELP
76,Cattle Baron,2,4.3,"1700 Airway Boulevard, El Paso",ELP
77,McDonald's,1,3.8,"7101 Gateway Boulevard West, El Paso",ELP
78,Chili's,2,3.9,"Local 2 Carretera, Guadalajara - Chapala",GDL
79,Wings Aeropuerto,2,3.9,ጓዳላኻራ - ቻፓላ መንገድ,GDL
80,Pappas Bar-B-Q,2,4.1,"7800 Airport Boulevard Space T - 01, Houston",HOU
81,Pappas Burger,2,4.3,"7800 Airport Boulevard Space C14, Houston",HOU
82,Waffle House,1,4.2,"1720 College Avenue, Houston",HOU
83,Hofbrauhaus - Las Vegas Nevada,2,4.4,"4510 Paradise Road, Las Vegas",LAS
84,Quiznos,1,4,"Terminal 1, 5757 Wayne Newton Blvd D Gate, Las Vegas",LAS
85,Metro Pizza,2,4.4,"1395 East Tropicana Avenue, Las Vegas",LAS
86,Crown & Anchor British Pub,2,4.4,"1350 East Tropicana Avenue, Las Vegas",LAS
87,FreeZone,1,4.4,"610 East Naples Drive, Las Vegas",LAS
88,In-N-Out Burger,1,4.6,"9149 South Sepulveda Boulevard, Los Angeles",LAX
89,Panera Bread,2,4,"8647 South Sepulveda Boulevard, Westchester",LAX
90,Subway,1,4.1,"6151 West Century Boulevard Suite 104, Los Angeles",LAX
91,Sanborns Aéropuerto,2,4.2,"Boulevard Puerto Aéreo 123, Moctezuma 2da Sección, Ciudad de México",MEX
92,La Mansión,3,4.5,"Calle Fundidora Monterrey No. 89 - 1 PB Col, Peñón de los Baños, Ciudad de México",MEX
93,94th Aero Squadron Restaurant,2,4.4,"1395 Northwest 57th Avenue, Miami",MIA
94,Burger King,1,2.5,"5505 Blue Lagoon Drive, Miami",MIA
95,Island Chicken Grill,2,1.3,"2100 Northwest 42nd Avenue, Miami",MIA
96,Au Bon Pain,2,2,"2100 Northwest 42nd Avenue, Miami",MIA
97,Buca di Beppo Italian Restaurant,2,4.2,"2728 Gannon Road, Saint Paul",MSP
98,5-8 Club,1,4.4,"5800 Cedar Avenue, Minneapolis",MSP
99,Darfons Restaurant + Bar,2,4.6,"2810 Elm Hill Pike, Nashville",BNA
100,McNamara's Irish Pub & Restaurant,2,4.7,"2740 Old Lebanon Road, Nashville",BNA
101,Monell's At the Manor,2,4.7,"1400 Murfreesboro Pike, Nashville",BNA
102,Shoney's,1,3.9,"546 Donelson Pike, Nashville",BNA
103,Subway,1,3.6,"857 Briley Parkway, Nashville",BNA
104,Dunkin',1,3.9,"847 Briley Parkway, Nashville",BNA
105,New Dragon Phoenix,1,4,"2828 Elm Hill Pike, Nashville",BNA
106,McDonald's,1,3.5,"545 Donelson Pike, Nashville",BNA
107,Subway,1,3.8,"1631 Elm Hill Pike, Nashville",BNA
108,Papa Johns Pizza,1,3.1,"2745 Lebanon Pike, Nashville",BNA
109,Olive Garden Italian Restaurant,2,4.2,"1315 West Esplanade Avenue, Kenner",MSY
110,Harbor Seafood & Oyster Bar,2,4.4,"3201 Williams Boulevard, Kenner",MSY
111,Subway,1,3.9,"2629 Williams Boulevard, Kenner",MSY
112,Subway,1,3.7,"181 West Airline Highway, Kenner",MSY
113,Subway,1,3.7,"2705 Veterans Boulevard Space D, Kenner",MSY
114,Fiesta Latina,1,4.2,"1924 Airline Drive, Kenner",MSY
115,Subway,1,4.2,"2309 David Drive A, Metairie",MSY
116,Subway,1,4.1,"303 West Esplanade Avenue Suite A, Kenner",MSY
117,Papa Johns Pizza,1,3.7,"2700 David Drive, Metairie",MSY
118,Starbucks,2,4.1,"2705 Veterans Memorial Boulevard, Kenner",MSY
119,Buffalo Wild Wings,2,2.9,"John F. Kennedy International Airport, Terminal 4, Queens",NYC
120,The Palm JFK Airport,4,2.9,"Terminal 4 Departures, Queens",NYC
121,Shake Shack,2,4,"Terminal 4 Departures, Queens",NYC
122,Eat&Go New York/ Istanbul,2,2.9,"John F. Kennedy International Airport, Terminal 1, JFK Access Road",NYC
123,Tigin Irish Pub,3,3.4,"Terminal 4, JFK International Airport, Jamaica",NYC
124,Valenca,2,4.5,"665 Monroe Avenue, Elizabeth",NYC
125,Cheeburger Cheeburger,2,3.3,"Terminal A, Newark",NYC
126,Market Fresh,2,3,"Newark International Airport, 1 Brewster Road, Newark",NYC
127,Jamba EWR - Newark Airport - C,1,3.8,"Newark Airport Terminal C Space C3-R7, Newark",NYC
128,Nathan's Famous,1,3.4,"651 Kapkowski Road, Elizabeth",NYC
129,Earl of Sandwich,1,2.2,"Newark International Airport Terminal A Box #15, Newark",NYC
130,Currito,1,2.2,"1 Brewster Road, Newark",NYC
131,Olive Garden Italian Restaurant,2,4.1,"2321 West Interstate 240 Service Road, Oklahoma City",OKC
132,Subway,1,4.1,"3233 Southwest 89th Street, Oklahoma City",OKC
133,Subway,1,3.8,"6021 South May Avenue, Oklahoma City",OKC
134,Outback Steakhouse,2,4.2,"2219 West Interstate 240 Service Road, Oklahoma City",OKC
135,Subway,1,3.9,"3000 Southwest 104th Street, Oklahoma City",OKC
136,Starbucks,2,4,"1506 Southwest 74th Street, Oklahoma City",OKC
137,Papa Johns Pizza,1,3.3,"2204 Southwest 74th Street, Oklahoma City",OKC
138,Little Caesars Pizza,1,3.9,"4701 South May Avenue, Oklahoma City",OKC
139,Domino's Pizza,1,3.6,"2929 South Meridian Avenue, Oklahoma City",OKC
140,Saltgrass Steak House,2,4.1,"1445 West Interstate 240 Service Road Suite 13, Oklahoma City",OKC
141,Riverwinds Restaurant,3,4.4,"1075 Riverwinds Drive, West Deptford",PHL
142,Philly Pretzel Factory,1,3.4,"8000 Essington Avenue, Philadelphia",PHL
143,Ruby Tuesday,2,3.8,"8680 Bartram Avenue, Philadelphia",PHL
144,Subway,1,3.7,"2900 Island Avenue Suite 2936, Philadelphia",PHL
145,Barrio Cafe,2,2.8,"3400 East Sky Harbor Boulevard Terminal 4, Phoenix",PHX
146,Wendy's,1,3.3,"Terminal 4, 3400 East Sky Harbor Boulevard, Phoenix",PHX
147,McDonald's,1,3.3,"3400 East Sky Harbor Boulevard, Phoenix",PHX
148,Squatters Pub Brewery SLC Airport,2,4.2,"776 N Terminal Dr Terminal A, Salt Lake City",SLC
149,Subway,1,4,"5480 West Amelia Earhart Drive, Salt Lake City",SLC
150,Little Caesars Pizza,1,3.5,"1625 West 700 North G, Salt Lake City",SLC
151,Roberts Restaurant,1,4.1,"145 North Wright Brothers Drive, Salt Lake City",SLC
152,Subway,1,3.6,"1645 West 700 North P, Salt Lake City",SLC
153,Subway,1,3.5,"1704 West North Temple Street, Salt Lake City",SLC
154,The Pearl Hotel,2,4.5,"1410 Rosecrans Street, San Diego",SAN
155,Cosmopolitan Hotel and Restaurant,2,4.3,"2660 Calhoun Street, San Diego",SAN
156,Extraordinary Desserts,2,4.4,"1430 Union Street, San Diego",SAN
157,Stone Brewing World Bistro & Gardens – Liberty Station,2,4.4,"2816 Historic Decatur Road UNIT 116, San Diego",SAN
158,Buca di Beppo Italian Restaurant,2,4.1,"705 Sixth Avenue, San Diego",SAN
159,Phil's BBQ,2,4.6,"3750 Sports Arena Boulevard, San Diego",SAN
160,Extraordinary Desserts,2,4.4,"2870 Fourth Avenue, San Diego",SAN
161,Slater’s 50/50,2,4.2,"2750 Dewey Road #193, San Diego",SAN
162,The Magnolia Pancake Haus,2,4.5,"606 Embassy Oaks #100, San Antonio",SAT
163,Magic Time Machine,2,4.4,"902 Northeast Interstate 410 Loop, San Antonio",SAT
164,Dough Pizzeria Napoletana,2,4.4,"6989 Blanco Road, San Antonio",SAT
165,Pappadeaux Seafood Kitchen,3,4.5,"76 Northeast Interstate 410 Loop, San Antonio",SAT
166,Freddy's Frozen Custard & Steakburgers,1,4.4,"255 East Basse Road #1050, San Antonio",SAT
167,Jason's Deli,2,4.4,"25 Northeast Interstate 410 Loop, San Antonio",SAT
168,Paesanos Lincoln Heights,3,4.4,"555 East Basse Road, San Antonio",SAT
169,The Cheesecake Factory,2,4.3,"7400 San Pedro Avenue, San Antonio",SAT
170,Cicis Pizza,1,3.9,"6900 San Pedro Avenue, San Antonio",SAT
171,Sushi Zushi,2,4.2,"999 East Basse Road, San Antonio",SAT
172,Il Fornaio Burlingame,2,4.2,"327 Lorton Avenue, Burlingame",SFO
173,"Kincaid's Fish, Chop & Steakhouse",3,4.2,"60 Bayview Place, Burlingame",SFO
174,Stacks,2,4.3,"361 California Drive, Burlingame",SFO
175,Basque Cultural Center,2,4.4,"599 Railroad Avenue, South San Francisco",SFO
176,Millbrae Pancake House,2,4.4,"1301 El Camino Real, Millbrae",SFO
177,Cedarbrook Lodge,4,4.7,"18525 36th Avenue South, Seattle",SEA
178,Waffle House,1,4.2,"4525 James S. McDonnell Boulevard, Berkeley",STL
179,Subway,1,4.2,"4484 Woodson Road, St. Louis",STL
180,The Cheesecake Factory,2,4.3,"2223 North Westshore Boulevard, Tampa",TPA
181,Earl of Sandwich,1,4,"2223 N Westshore Blvd, FC-206 International Mall International Mall Food Court, Tampa",TPA
182,Stone's Cove Kitbar,2,4.4,"2403 Centreville Road, Herndon",WAS
183,Subway,1,2.8,"Z Gates Post Security, 45020 Aviation Drive Sf, Sterling",WAS
184,NED DEVINE'S IRISH GASTRO PUB & RESTAURANT,2,4.2,"2465 Centreville Road, Herndon",WAS
185,Amphora Diner Deluxe,2,4.2,"1151 Elden Street, Herndon",WAS
186,Dulles Kabob,1,4.3,"23520 Overland Drive, Sterling",WAS
187,Punjabi Junction,2,4.1,"23520 Overland Drive Ste 122, Sterling",WAS
188,Subway,1,4.1,"23050 Pacific Boulevard, Sterling",WAS
189,TGI Fridays,2,3.7,"13071 Worldgate Drive, Herndon",WAS
190,Subway,1,3.7,"13053 Worldgate Drive Unit 14, Herndon",WAS
191,Mellow Mushroom Herndon,2,4.2,"1030 Elden Street, Herndon",WAS
192,Rustic Inn Crabhouse,3,4.5,"4331 Anglers Avenue, Fort Lauderdale",FLL
193,Anthony's Runway 84,3,4.5,"330 West State Road 84, Fort Lauderdale",FLL
194,Lester's Diner,1,4.4,"250 West State Road 84, Fort Lauderdale",FLL
195,Jaxson's Ice Cream Parlor & Restaurant,2,4.6,"128 South Federal Highway, Dania Beach",FLL
196,Islamorada Fish Company,2,4,"220 Gulf Stream Way, Dania Beach",FLL
197,Grampa's Cafe Bagels Bakery & Deli,2,4.2,"17 Southwest 1st Street, Dania Beach",FLL
198,Old Heidelberg Restaurant,2,4.5,"900 West State Road 84, Fort Lauderdale",FLL
199,Anthony's Coal Fired Pizza & Wings,2,4.5,"2203 South Federal Highway, Fort Lauderdale",FLL
200,Subway,1,3.9,"137 South Federal Highway, Dania Beach",FLL
201,El Tamarindo Cafe,2,4.4,"233 Florida 84, Fort Lauderdale",FLL
202,Subway,1,3.5,"848 Ala Lilikoi Street, Honolulu",HNL
203,La Mariana Sailing Club,2,4.4,"50 Sand Island Access Road, Honolulu",HNL
204,Big Kahuna's Pizza,2,4.5,"550 Paiea Street, Honolulu",HNL
205,Stadium Camellia Restaurant,2,4.3,"4510 Salt Lake Boulevard, Honolulu",HNL
206,Salt Lake Chinese Restaurant,2,3.8,"848 Ala Lilikoi Street #115, Honolulu",HNL
207,The Lanai At Mamala Bay,2,3.9,"3465 Mamala Bay Drive, Honolulu",HNL
208,Subway,1,3.5,"AAFES 1st Floor, 1 Jarrett White Road, Honolulu",HNL
209,Subway,1,3.5,"2153 North King Street Unit 101A, Honolulu",HNL
210,Subway,1,3.2,"930 Valkenburgh Street Suite C, #103, Honolulu",HNL
211,Papa Johns Pizza,1,3.6,"4380a Lawehana Street Ste A, Honolulu",HNL
212,The Cheesecake Factory,2,4.3,"2223 North Westshore Boulevard, Tampa",TPA
213,Earl of Sandwich,1,4,"2223 N Westshore Blvd, FC-206 International Mall International Mall Food Court, Tampa",TPA
214,Bonefish Grill,2,4.5,"588 Buttermilk Pike, Crescent Springs",CVG
215,LaRosa's Pizza Delhi-Rapid Run,2,4.5,"5657 Rapid Run Pike, Cincinnati",CVG
216,Subway,1,2.6,"7625 Doering Drive, Florence",CVG
217,Quaker Steak & Lube,2,4.3,"8025 Action Boulevard, Florence",CVG
218,Horatio's,3,4.3,"60 Monarch Bay Drive, San Leandro",OAK
219,In-N-Out Burger,1,4.4,"8300 Oakport Street, Oakland",OAK
220,La Piñata,2,4.1,"2699 Merced Street, San Leandro",OAK
221,Subway,1,3.6,"13700 Doolittle Drive #100, San Leandro",OAK
222,El Torito,2,4,"Marina, #5, San Leandro",OAK
223,Subway,1,3.7,"175 98th Avenue, Oakland",OAK
224,Wingstop,2,3.6,"8450 Edgewater Drive, Oakland",OAK
225,Chipotle Mexican Grill,1,3.9,"8460 Edgewater Drive Ste C, Oakland",OAK
226,Starbucks,2,3.8,"8450-D Edgewater Drive, Oakland",OAK
227,Panda Express,1,3.5,"8333 Oakport Street, Oakland",OAK
228,Primanti Bros. Restaurant and Bar Moon,1,4.3,"8651 University Boulevard, Moon Township",PIT
229,Eat'n Park,1,4.1,"9516 University Boulevard, Moon Township",PIT
230,Subway,1,2.6,"1136 Thorn Run Ext B, Coraopolis",PIT
231,Sheetz,1,3.6,"9002 University Boulevard, Moon Township",PIT
232,Angelia's Pizza,2,4.1,"202 Moon Clinton Road, Moon Township",PIT
233,Hyeholde Restaurant,4,4.7,"1516 Coraopolis Heights Road, Coraopolis",PIT
234,Armstrong's,2,4.4,"1136 Thorn Run Road, Coraopolis",PIT
235,Pizza Hut,1,3.9,"8609 University Boulevard, Coraopolis",PIT
236,Mario's Restaurant & Bar,2,4.2,"935 Beaver Grade Road, Coraopolis",PIT
237,Bob Evans,2,4.1,"8405 University Boulevard, Moon Township",PIT
238,Spencer's for Steaks and Chops,3,4.3,"2050 Gateway Place, San Jose",SJC
239,In-N-Out Burger,1,4.6,"550 Newhall Drive, San Jose",SJC
240,4th Street Bowl,2,4.2,"1441 North 4th Street, San Jose",SJC
241,Smoking Pig BBQ Company,2,4.4,"1144 North 4th Street, San Jose",SJC
242,IZAKA-YA,2,4.5,"1335 North First Street, San Jose",SJC
243,Starbucks,2,4.2,"Bel-Air, 1751 North First Street, San Jose",SJC
244,House of Genji,2,4.3,"1335 North First Street, San Jose",SJC
245,Vito's Trattoria,2,4.3,"90 Skyport Drive Ste 170, San Jose",SJC
246,TGI Sushi,2,4.3,"1759 Technology Drive, San Jose",SJC
247,Subway,1,3.5,"1753 North First Street Suite 20, San Jose",SJC
248,Angus Barn,4,4.6,"9401 Glenwood Avenue, Raleigh",RDU
249,Capital City Chop House,3,4.2,"151 Airgate Drive, Morrisville",RDU
250,Cracker Barrel Old Country Store,2,4.2,"955 Airport Boulevard, Morrisville",RDU
251,Azitra Indian Culinary Nirvana,2,4.2,"8411 Brier Creek Parkway Ste 101, Raleigh",RDU
252,Sheetz,1,3.2,"1600 Aviation Parkway, Morrisville",RDU
253,Babymoon Cafe,2,4.5,"100 Jerusalem Drive #106, Morrisville",RDU
254,Tasu Asian Bistro,2,4.1,"8919 Brier Creek Parkway #109, Raleigh",RDU
255,McDonald's,1,3,"10050 Glenwood Avenue, Raleigh",RDU
256,Uncle Lou's Fried Chicken,1,4.3,"3633 Millbranch Road, Memphis",MEM
257,Little Caesars Pizza,1,3.4,"4130 Elvis Presley Boulevard, Memphis",MEM
258,Subway,1,4,"3335 Winchester Road, Memphis",MEM
259,Subway,1,4,"1785 Nonconnah Boulevard Suite 115, Memphis",MEM
260,Domino's Pizza,1,3.4,"3000 Airways Boulevard, Memphis",MEM
261,Subway,1,4.2,"4405 Elvis Presley Boulevard, Memphis",MEM
262,Marlowe's Ribs & Restaurant,2,4.5,"4381 Elvis Presley Boulevard, Memphis",MEM
263,Pollard's Bar-B-Que,1,4.3,"4560 Elvis Presley Boulevard, Memphis",MEM
264,McDonald's,1,3,"3377 Winchester Road, Memphis",MEM
265,Ruth's Chris Steak House,4,4.6,"2961 Michelson Drive Suite A, Building 10, Irvine",SNA
266,Il Fornaio Irvine,2,4.5,"18051 Von Karman Avenue, Irvine",SNA
267,TEN Sushi + Cocktail Bar,2,4.4,"18177 Von Karman Avenue, Irvine",SNA
268,Nicolino's Restaurant & Lounge,2,3.8,"2544 Executive Drive, Indianapolis",IND
269,The Library Restaurant & Pub,2,4.2,"2610 South Lynhurst Drive, Indianapolis",IND
270,Waffle House,1,4,"2621 South Lynhurst Drive, Indianapolis",IND
271,Culver's,1,4.4,"4701 Kentucky Avenue, Indianapolis",IND
272,Chick-fil-A,1,3.4,"7800 Col H Weir Cook Mem Dr, Indianapolis",IND
273,McDonald's,1,3.1,"7800 Col. H. Weir Cook Memorial Drive, Indianapolis",IND
274,QDOBA Mexican Eats,1,2.9,"7800 Col H Weir Cook Mem Dr, Indianapolis",IND
275,Nature's Table,1,3.7,"Indianapolis Airport 7800 Col H Weir Cook Memorial Drive Concession Retail Space 11T.340E, Indianapolis",IND
276,Hickory House,2,4.3,"550 Officenter Place, Gahanna",CMH
277,Bob Evans,2,4,"443 Morrison Road, Gahanna",CMH
278,McDonald's,1,3.7,"Walmart, 1650 West Valencia Road, Tucson",TUS
279,El Guero Canelo Restaurant,1,4.2,"5201 South 12th Avenue, Tucson",TUS
280,In-N-Out Burger,1,4.6,"1978 East Ajo Way, Tucson",TUS
281,Mi Nidito Restaurant,2,4.5,"1813 South 4th Avenue, Tucson",TUS
282,Little Caesars Pizza,1,4.1,"659 West Valencia Road, Tucson",TUS
283,Subway,1,4.2,"2245 East Irvington Road Suite 120, Tucson",TUS
284,Subway,1,4.2,"6610 South Tucson Boulevard, Tucson",TUS
285,Silver Saddle Steakhouse,2,4.5,"310 East Benson Highway, Tucson",TUS
286,Subway,1,4.2,"3760 South Palo Verde Road, Tucson",TUS
287,Subway 32438,1,4.3,"1710 West Valencia Road #120, Tucson",TUS
288,Subway,1,3.7,"1440 Dunn Avenue Space #1440, Jacksonville",JAX
289,Buffalo Wild Wings,2,3.7,"13230 City Station Drive, Jacksonville",JAX
290,Outback Steakhouse,2,4.1,"795 Skymarks Drive, Jacksonville",JAX
291,Jimmy John's,1,2.8,"510 Airport Center Drive #106, Jacksonville",JAX
292,Subway,1,3.8,"11565 North Main Street #0206, Jacksonville",JAX
293,Burger King,1,3.1,"2400 Yankee Clipper Drive, Jacksonville",JAX
294,Red Lobster,2,3.8,"RIVER CITY MARKETPLACE, 13090 City Station Drive, Jacksonville",JAX
295,"Big Oak BBQ & Catering Jacksonville, Fl",1,4,"1440 Dunn Avenue, Jacksonville",JAX
296,Ruby Tuesday,2,4.1,"1360 Airport Road, Jacksonville",JAX
297,Pollo Tropical,1,3.9,"730 Skymarks Drive, Jacksonville",JAX
298,Subway,1,3.6,"44 Prospect Hill Road, East Windsor",BDL
299,Subway,1,3.8,"645 Poquonock Avenue #C, Windsor",BDL
300,Cracker Barrel Old Country Store,2,4.2,"145 Prospect Hill Road, East Windsor",BDL
301,Tunxis Grill & Pizzeria,2,4.5,"3 Tunxis Street, Windsor",BDL
302,Phở 75,1,4.2,"209 Ella Grasso Turnpike, Windsor Locks",BDL
303,Subway,1,4,"4 National Drive Unit B, Windsor Locks",BDL
304,Subway,1,4.1,"92 Main Street, Windsor Locks",BDL
305,Buffalo Wild Wings,2,4,"703 Poquonock Avenue, Windsor",BDL
306,Subway,1,3.4,"3 Turkey Hills Road, East Granby",BDL
307,Panera Bread,2,4.2,"2731 Del Paso Road, Sacramento",SAC
308,Swabbies On The River Restaurant & Bar,2,4.5,"5871 Garden Highway, Sacramento",SAC
309,IHOP,1,4.1,"2941 Advantage Way, Sacramento",SAC
310,Subway,1,3.2,"3511 Del Paso Road Suite F100, Sacramento",SAC
311,Sizzler - Advantage Way,2,4.1,"2901 Advantage Way, Sacramento",SAC
312,Wienerschnitzel,1,3.7,"2961 Advantage Way, Sacramento",SAC
313,Little Caesars Pizza,1,3.9,"4710 Natomas Boulevard Suite 140, Sacramento",SAC
314,Bella Bru Cafe,2,4.4,"4680 Natomas Boulevard Suite 100, Sacramento",SAC
315,Jack's Urban Eats,2,4.3,"4730 Natomas Boulevard Park Place (Raley’s Shopping Ctr, Sacramento",SAC
316,Pete's Restaurant & Brewhouse,2,4.3,"4571 Gateway Park Boulevard, Sacramento",SAC
317,Subway,1,4.3,"1270 Diamond Springs Road suit 101A, Virginia Beach",ORF
318,Olive Garden Italian Restaurant,2,4.1,"5920 East Virginia Beach Boulevard, Norfolk",ORF
319,Wawa,1,3.8,"5701 Northampton Boulevard, Virginia Beach",ORF
320,Ruby Tuesday,2,4,"1201 North Military Highway, Norfolk",ORF
321,Aberdeen Barn Steakhouse,3,4.3,"5805 Northampton Boulevard, Virginia Beach",ORF
322,IHOP,1,3.9,"1295 North Military Highway, Norfolk",ORF
323,Papa Johns Pizza,1,3,"4017 East Little Creek Road, Norfolk",ORF
324,Pizza Hut,1,2.9,"2352 East Little Creek Road, Norfolk",ORF
325,Hooters,2,3.9,"1160 North Military Highway, Norfolk",ORF
326,Susan's Kitchenette Filipino,1,4.4,"1270 Diamond Springs Road UNIT 109, Virginia Beach",ORF
327,The Daily Grill,2,4.2,"Michael Robins, General Manager, 2500 North Hollywood Way, Burbank",BUR
328,Starbucks,2,4.3,"2575 North Hollywood Way Burbank Airport Star Park Facility, Burbank",BUR
329,Hill Street,2,4.4,"3301 North Glenoaks Boulevard, Burbank",BUR
330,Subway,1,3.4,"10970 Sherman Way, Burbank",BUR
331,Subway,1,4.1,"2017 North Hollywood Way, Burbank",BUR
332,Olive Garden Italian Restaurant,2,4.3,"1741 North Victory Place, Burbank",BUR
333,Fatburger & Buffalo's Express,2,4.3,"10970 Sherman Way, Burbank",BUR
334,Coral Cafe,1,4.4,"3321 West Burbank Boulevard, Burbank",BUR
335,Round Table Pizza,2,4.1,"2408 West Victory Boulevard, Burbank",BUR
336,Outback Steakhouse,2,4.2,"1761 North Victory Place, Burbank",BUR
337,Hokkaido Seafood Buffet,2,4,"3030 Cherry Avenue, Long Beach",LGB
338,Me-n-Ed's Pizza Parlor,2,4.3,"4115 Paramount Boulevard, Lakewood",LGB
339,Subway,1,3.7,"2605 North Bellflower Boulevard, Long Beach",LGB
340,Subway,1,4.4,"4207 East Willow Street #8, Long Beach",LGB
341,Tracy's Bar & Grill,2,4.5,"5511 East Spring Street, Long Beach",LGB
342,I Luv Sushi,2,4.6,"3215 East Carson Street, Lakewood",LGB
343,Papa Johns Pizza,1,3.6,"2836 North Bellflower Boulevard, Long Beach",LGB
344,Rocco's Deli Italiano,2,4.6,"2420 East 28th Street, Signal Hill",LGB
345,Panda Express,1,3.6,"400 Bald Hill Road #f10, Warwick",PVD
346,Hooters of Warwick,2,4.3,"667 Airport Road, Warwick",PVD
347,Upstream Brewing Company,2,4.4,"514 South 11th Street, Omaha",OMA
348,Starbucks,2,4.3,"222 South 15th Street, Omaha",OMA
349,Blue Sushi Sake Grill,2,4.5,"416 South 12th Street, Omaha",OMA
350,801 Chophouse at the Paxton,4,4.7,"1403 Farnam Street, Omaha",OMA
351,Spaghetti Works,2,4.3,"502 South 11th Street, Omaha",OMA
352,The Old Mattress Factory Bar & Grill,2,4.3,"501 North 13th Street, Omaha",OMA
353,DJ's Dugout Sports Bar - Downtown,2,3.8,"1003 Capitol Avenue, Omaha",OMA
354,Sullivan's Steakhouse,3,4.3,"222 South 15th Street Ste 152 S, Omaha",OMA
355,Subway,1,3.8,"901 North 24th Street, Omaha",OMA
356,Crescent Moon,1,4.5,"3578 Farnam Street, Omaha",OMA
357,QDOBA Mexican Eats,1,3.9,"3021 Poplar Level Road, Louisville",SDF
358,Subway,1,4,"5400 Preston Highway, Louisville",SDF
359,Starbucks,2,4,"3103 South 3rd Street, Louisville",SDF
360,Subway,1,3.9,"5338 South 3rd Street Store B-1A, Louisville",SDF
361,Subway,1,4.1,"3314 Preston Highway, Louisville",SDF
362,Vietnam Kitchen,2,4.7,"5339 Mitscher Avenue, Louisville",SDF
363,Beef 'O' Brady's,2,4,"3101 South 2nd Street, Louisville",SDF
364,Cobble Stone,2,4.2,"620 Anderson Hill Road, Purchase",HPN
365,Aquario Restaurant,2,4.5,"141 Lake Street, Harrison",HPN
366,Olive Garden Italian Restaurant,2,4.2,"178 Wolf Road, Colonie",ALB
367,O'Toole's Restaurant Pub,2,4.1,"1814 Central Avenue, Albany",ALB
368,Buca di Beppo Italian Restaurant,2,4.1,"44 Wolf Road, Colonie",ALB
369,Subway,1,3.8,"155 Wolf Road, Colonie",ALB
370,Red Lobster,2,4,"170 Wolf Road, Colonie",ALB
371,Delmonico's Italian Steakhouse,2,4.4,"1553 Central Avenue, Albany",ALB
372,Golden Corral Buffet & Grill,2,3.9,"4968 Centre Pointe Drive, North Charleston",CHS
373,Starbucks,2,4.2,"5060 International Boulevard, North Charleston",CHS
374,Bonefish Grill,2,4.3,"5041 International Boulevard, North Charleston",CHS
375,Subway,1,4.1,"6072 Rivers Avenue, North Charleston",CHS
376,Subway,1,4.1,"5633 Dorchester Road Unit E, North Charleston",CHS
377,Subway,1,4.2,"5506 Crestwood Boulevard, Birmingham",BHM
378,Krispy Kreme,1,4.2,"8601 1st Avenue North, Birmingham",BHM
379,Subway,1,3.1,"1600 Montclair Road, Birmingham",BHM
380,The Honey Baked Ham Company,2,4.6,"7001 Crestwood Boulevard Ste 114, Birmingham",BHM
381,Irondale Cafe,2,4.4,"1906 1st Avenue North, Irondale",BHM
382,Subway,1,3.9,"1700 Tallapoosa Street, Birmingham",BHM
383,Bojangles,1,3.5,"11 South Laburnum Avenue, Richmond",RIC
384,Olive Garden Italian Restaurant,2,4.1,"4467 South Laburnum Avenue, Henrico",RIC
385,The Roosevelt,2,4.6,"623 North 25th Street, Richmond",RIC
386,The Boathouse at Rocketts Landing,3,4.4,"4708 E, Old Main Street, Richmond",RIC
387,Millie's Diner,2,4.6,"2603 East Main Street, Richmond",RIC
388,Subway,1,3.8,"73 South Airport Drive, Highland Springs",RIC
389,Little Caesars Pizza,1,3.4,"5101 South Laburnum Avenue, Richmond",RIC
390,Cracker Barrel Old Country Store,2,4.2,"4435 South Laburnum Avenue, Richmond",RIC
391,Alamo BBQ,1,4.3,"2202 Jefferson Avenue, Richmond",RIC
392,LongHorn Steakhouse,2,4,"4409 South Laburnum Avenue, Richmond",RIC
393,Ruby Tuesday,2,4,"110 Pooler Parkway, Pooler",SAV
394,Subway,1,4.2,"950 Morgan's Corner Road, Unit A, Pooler",SAV
395,Subway,1,3.7,"537 U.S. 80, Garden City",SAV
396,Cracker Barrel Old Country Store,2,4.1,"1000 U.S. 80, Pooler",SAV
397,Big Jud's,2,4.6,"1289 South Protest Road, Boise",BOI
398,Mongolian BBQ,1,4.5,"1808 South Broadway Avenue, Boise",BOI
399,Subway,1,4,"4115 South Broadway Avenue, Boise",BOI
400,Subway,1,3.3,"1910 University Dr Student Union Food Court, Boise",BOI
401,Barbacoa Grill,3,4.6,"276 Bobwhite Court, Boise",BOI
402,Subway,1,3.3,"2400 South Apple Street, Boise",BOI
403,Papa Johns Pizza,1,3.7,"1323 South Broadway Avenue, Boise",BOI
404,Subway,1,3.6,"1265 South Capitol Boulevard Suite 103, Boise",BOI
405,Ram Restaurant & Brewery,2,3.9,"709 East Park Boulevard, Boise",BOI
406,Panda Garden,1,4,"2801 West Overland Road, Boise",BOI
407,Cracker Barrel Old Country Store,2,4.3,"10090 Daniels Parkway, Fort Myers",FMY
408,Amato's,1,3.3,"364 Maine Mall Road, South Portland",PWM
409,Sarku Japan,1,4.1,"364 Maine Mall Rd Space #F109, South Portland",PWM
410,Johnny Rockets,2,3.2,"364 Maine Mall Road, South Portland",PWM
411,Subway,1,4.2,"456 Payne Road, Scarborough",PWM
412,Olive Garden Italian Restaurant,2,4.3,"200 Gorham Road #800, South Portland",PWM
413,Elevation Burger,2,4.1,"85 Western Avenue, South Portland",PWM
414,OTTO,2,4.5,"576 Congress Street, Portland",PWM
415,Aura,2,4.1,"121 Center Street, Portland",PWM
416,Subway,1,3.8,"296 Saint John Street, Portland",PWM
417,Subway,1,4,"85 Western Avenue Unit 10, Lot 1, South Portland",PWM
418,Texas Roadhouse,2,4.6,"6707 West Kellogg Drive, Wichita",ICT
419,Chipotle Mexican Grill,1,4,"7130 West Maple Street Ste 100, Wichita",ICT
420,Red Lobster,2,4.2,"555 South West Street, Wichita",ICT
421,Subway,1,3.9,"2424 South West Street, Wichita",ICT
422,Pizza Hut,1,3.7,"350 S. Ridge Road, Wichita",ICT
423,Hangar One Steak House,2,4,"5925 West Kellogg Drive, Wichita",ICT
424,Panera Bread,2,4.2,"420 Ridge Road South, Wichita",ICT
425,Subway,1,3.7,"6110 West Kellogg Drive, Wichita",ICT
426,Papa Johns Pizza,1,3.7,"8620 West McCormick Avenue, Wichita",ICT
427,Side Pockets Wichita,2,4.2,"614 South Tyler Road, Wichita",ICT
428,Subway,1,3,"4198 Nakoosa Trail, Madison",MSN
429,Texas Roadhouse,2,4.3,"4841 Annamark Drive, Madison",MSN
430,Olive Garden Italian Restaurant,2,4.2,"4320 East Towne Boulevard, Madison",MSN
431,Red Lobster,2,4.2,"EAST TOWNE MALL, 4502 East Towne Boulevard, Madison",MSN
432,Pedro's Mexican Restaurante,2,3.6,"3555 East Washington Avenue, Madison",MSN
433,Takumi,2,4.5,"4222 East Towne Boulevard, Madison",MSN
434,Subway,1,3.9,"3702 East Washington Avenue, Madison",MSN
435,Denny's,1,3.9,"1798 Thierer Road, Madison",MSN
436,Maharana Indian Restaurant,2,4.1,"1707 Thierer Road, Madison",MSN
437,Starbucks,2,4,"4202 East Washington Avenue, Madison",MSN
438,Bonefish Grill,2,4.5,"1100 East Paris Avenue Southeast, Grand Rapids",GRR
439,Noto's,3,4.5,"6600 28th Street Southeast, Grand Rapids",GRR
440,Texas Roadhouse,2,4.3,"3776 28th Street Southeast, Kentwood",GRR
441,Uccello's Ristorante- East Beltline GR,2,4.3,"2630 East Beltline Avenue Southeast, Grand Rapids",GRR
442,Panera Bread,2,4.1,"3770 28th Street Southeast, Kentwood",GRR
443,Olive Garden Italian Restaurant,2,4.3,"3883 28th Street Southeast, Grand Rapids",GRR
444,Subway,1,4.2,"6260 28th Street Southeast, Grand Rapids",GRR
445,Sundance Grill & Bar,2,4.2,"5755 28th Street Southeast, Grand Rapids",GRR
446,Subway,1,3.9,"3983 28th Street Southeast, Grand Rapids",GRR
447,Subway,1,3.4,"4919 Town Center Drive Southeast, Grand Rapids",GRR
448,Zombie Burger + Drink Lab,2,4.5,"300 East Grand Avenue, Des Moines",DSM
449,The Farmhouse Tap & Grill,2,4.4,"160 Bank Street, Burlington",BTV
450,Pulcinella's,2,4.4,"1710 Shelburne Road, South Burlington",BTV
451,American Flatbread Burlington Hearth,2,4.7,"115 Saint Paul Street, Burlington",BTV
452,Windjammer Restaurant,2,4.4,"1076 Williston Road, South Burlington",BTV
453,The Vermont Pub & Brewery,2,4,"144 College Street, Burlington",BTV
454,Olive Garden Italian Restaurant,2,4.3,"1025 Shelburne Road, South Burlington",BTV
455,Little Caesars Pizza,1,3.8,"4105 East Broadway Street, North Little Rock",LIT
456,Flying Fish,2,4.4,"511 President Clinton Avenue, Little Rock",LIT
457,Ruby Tuesday,2,4.1,"7611 Thorndike Road, Greensboro",GSO
458,Golden Corral Buffet & Grill,2,4.1,"8144 East 21st Street, Tulsa",TUL
459,James E. McNellie's Pub,2,4.5,"409 East 1st Street, Tulsa",TUL
460,Ruby Tuesday,2,3.9,"7806 East Skelly Drive, Tulsa",TUL
461,White River Fish Market,2,4.6,"1708 North Sheridan Road, Tulsa",TUL
462,Subway,1,3,"14002 East 21st Street Suite 1100, Tulsa",TUL
463,Cracker Barrel Old Country Store,2,4.1,"8008 East 31st Street, Tulsa",TUL
464,Subway,1,3.8,"7004 East Admiral Place Suite A, Tulsa",TUL
465,Subway,1,4.1,"1145 South Utica Avenue Suite G-18, Tulsa",TUL
466,Papa Johns Pizza,1,3.7,"2802 East 11th Street, Tulsa",TUL
467,Subway,1,3.7,"1911 South Yale Avenue, Tulsa",TUL
468,McGuire's Irish Pub,2,4.7,"600 East Gregory Street, Pensacola",PNS
469,Subway,1,2.8,"2650 Creighton Road, Pensacola",PNS
470,The Fish House,2,4.5,"600 South Barracks Street, Pensacola",PNS
471,Subway,1,3.9,"8102 North Davis Highway A400, Pensacola",PNS
472,China Max,1,2.9,"5100 North 9th Avenue, Pensacola",PNS
473,Seville Quarter,2,4.4,"130 East Government Street, Pensacola",PNS
474,Bonefish Grill,2,4.3,"5025 North 12th Avenue, Pensacola",PNS
475,Subway,1,4.3,"Food Court, 8383 North Davis Highway, Pensacola",PNS
476,Golden Corral Buffet & Grill,2,4,"2260 Langley Avenue, Pensacola",PNS
477,Krispy Kreme,1,4.5,"980 North 9th Avenue, Pensacola",PNS
478,Flaming Grill & Supreme Buffet,1,3.9,"53 New Jersey 17, East Rutherford",TEB
479,Yamato,2,4.2,"17200 Ventura Boulevard #221, Encino",LAX
480,More Than Waffles,2,4.7,"17200 Ventura Boulevard #109, Encino",LAX
481,Starbucks,2,4.3,"15355 Sherman Way, Van Nuys",LAX
482,Buca di Beppo Italian Restaurant,2,4.4,"17500 Ventura Boulevard, Encino",LAX
483,Salsa & Beer #1,1,4.4,"6740 White Oak Avenue, Lake Balboa",LAX
484,Las Fuentes Restaurant,1,4.4,"18415 Vanowen Street, Reseda",LAX
485,Springbok Bar & Grill,2,4.5,"16153 Victory Boulevard, Van Nuys",LAX
486,Wingstop,2,3.8,"6734 Sepulveda Boulevard, Van Nuys",LAX
487,Benihana,3,4.1,"16226 Ventura Boulevard, Encino",LAX
488,Pho So 1,1,4.4,"6450 Sepulveda Boulevard, Van Nuys",LAX
489,Minervas Restaurant & Bar,2,4.3,"2111 North Lacrosse Street, Rapid City",RAP
490,Firehouse Brewing Company,2,4,"610 Main Street, Rapid City",RAP
491,Ruby Tuesday,2,4,"821 Fairmont Boulevard, Rapid City",RAP
492,Subway,1,3.7,"532 East Anamosa Street, Rapid City",RAP
493,Subway,1,3.9,"1225 East Saint Patrick Street, Rapid City",RAP
494,Subway,1,4.1,"2415 Mount Rushmore Road, Rapid City",RAP
495,Little Caesars Pizza,1,4,"1601 Mount Rushmore Road, Rapid City",RAP
496,Mongolian Grill,1,4.5,"1415 North Lacrosse Street #1, Rapid City",RAP
497,Subway,1,3.6,"2200 North Maple Avenue Space #606A, Rapid City",RAP
498,Subway,1,3.7,"800 Mountain View Road, Rapid City",RAP
499,Texas Roadhouse,2,4.4,"1125 Franck Street, Alcoa",TYS
500,Foothills Milling Co,3,4.8,"315 South Washington Street, Maryville",TYS
501,Ruby Tuesday,2,3.8,"2055 Alcoa Highway, Alcoa",TYS
502,Subway,1,3.9,"2580 Alcoa Highway, Alcoa",TYS
503,Subway,1,4.2,"312 South Calderwood Street, Alcoa",TYS
504,Subway,1,4.2,"1502 E Lamar Alexander Pkwy Highway 321, Maryville",TYS
505,Subway,1,4.3,"2919 Old Knoxville Highway, Maryville",TYS
506,Subway,1,4.1,"2041 West Lamar Alexander Parkway, Maryville",TYS
507,Cheddar's Scratch Kitchen,2,4.1,"250 Hamilton Crossing Drive, Alcoa",TYS
508,Subway,1,4.2,"1775 West Broadway Avenue, Maryville",TYS
509,Wingstop,2,3.6,"1964 West Tennessee Street #4, Tallahassee",TLH
510,Tijuana Flats,1,4.2,"2020 West Pensacola Street #230A, Tallahassee",TLH
511,Jimmy John's,1,4.2,"1080 West Tennessee Street, Tallahassee",TLH
512,Sarku Japan,1,3.9,"1500 Apalachee Parkway Space #1065, Tallahassee",TLH
513,Subway,1,3.2,"4831 East McKinley Avenue, Fresno",FAT
514,Little Caesars Pizza,1,3.8,"4910 East Kings Canyon Road SUITE 110, Fresno",FAT
515,Panera Bread,2,4,"2821 University Parkway, Sarasota",SRQ
